{
  "pp_three_class": {
    "knn": {
      "acc": 0.8166666666666667,
      "f1_macro": 0.8178649237472767,
      "recall_macro": 0.8166666666666668
    },
    "svm_rbf": {
      "acc": 0.7166666666666667,
      "f1_macro": 0.7055555555555556,
      "recall_macro": 0.7166666666666667
    },
    "random_forest": {
      "acc": 0.8,
      "f1_macro": 0.7990931832395246,
      "recall_macro": 0.7999999999999999
    }
  },
  "pe_three_class": {
    "knn": {
      "acc": 0.7833333333333333,
      "f1_macro": 0.7882259761959011,
      "recall_macro": 0.7833333333333333
    },
    "svm_rbf": {
      "acc": 0.7833333333333333,
      "f1_macro": 0.7882259761959011,
      "recall_macro": 0.7833333333333333
    },
    "random_forest": {
      "acc": 0.8333333333333334,
      "f1_macro": 0.8355992355992358,
      "recall_macro": 0.8333333333333334
    }
  },
  "pp_pe_three_class": {
    "knn": {
      "acc": 0.7833333333333333,
      "f1_macro": 0.7805089219723366,
      "recall_macro": 0.7833333333333333
    },
    "svm_rbf": {
      "acc": 0.8,
      "f1_macro": 0.7994077994077995,
      "recall_macro": 0.7999999999999999
    },
    "random_forest": {
      "acc": 0.8,
      "f1_macro": 0.7954545454545455,
      "recall_macro": 0.8000000000000002
    }
  }
}