{
  "args": {
    "root": "../dataset",
    "epochs": 100,
    "batch_size": 16,
    "lr": 0.001,
    "weight_decay": 0.0001,
    "standardize": "zscore",
    "seed": 42,
    "num_workers": 0,
    "patience": 30,
    "output_root": "../output/model_data",
    "task": "pp_pe"
  },
  "meta": {
    "task_type": "dual_task",
    "pp_class_names": {
      "0": "无污染",
      "1": "轻微浓度",
      "2": "严重浓度"
    },
    "pe_class_names": {
      "0": "无污染",
      "1": "轻微浓度",
      "2": "严重浓度"
    },
    "train_samples": 112,
    "val_samples": 38
  },
  "epochs": [
    {
      "epoch": 1,
      "lr": 0.0009997535269026829,
      "train_loss": 1.998910869870867,
      "train_pp_acc": 0.7232142857142857,
      "train_pe_acc": 0.7857142857142857,
      "train_avg_acc": 0.7544642857142857,
      "val_loss": 2.200895572963514,
      "val_pp_acc": 0.2894736842105263,
      "val_pe_acc": 0.2631578947368421,
      "val_avg_acc": 0.27631578947368424,
      "pp_f1_macro": 0.14965986394557823,
      "pe_f1_macro": 0.1388888888888889,
      "time_sec": 3.526914358139038
    },
    {
      "epoch": 2,
      "lr": 0.0009990143508499217,
      "train_loss": 1.5237248625074113,
      "train_pp_acc": 0.9553571428571429,
      "train_pe_acc": 0.9375,
      "train_avg_acc": 0.9464285714285714,
      "val_loss": 2.1392816618869177,
      "val_pp_acc": 0.7368421052631579,
      "val_pe_acc": 0.4473684210526316,
      "val_avg_acc": 0.5921052631578947,
      "pp_f1_macro": 0.5753968253968255,
      "pe_f1_macro": 0.20606060606060606,
      "time_sec": 0.8361341953277588
    },
    {
      "epoch": 3,
      "lr": 0.0009977832013192385,
      "train_loss": 0.9569309864725385,
      "train_pp_acc": 0.9732142857142857,
      "train_pe_acc": 0.9910714285714286,
      "train_avg_acc": 0.9821428571428571,
      "val_loss": 1.9577993405492682,
      "val_pp_acc": 0.4473684210526316,
      "val_pe_acc": 0.4473684210526316,
      "val_avg_acc": 0.4473684210526316,
      "pp_f1_macro": 0.20606060606060606,
      "pe_f1_macro": 0.20606060606060606,
      "time_sec": 0.8940417766571045
    },
    {
      "epoch": 4,
      "lr": 0.0009960612933065818,
      "train_loss": 0.4625012959752764,
      "train_pp_acc": 0.9732142857142857,
      "train_pe_acc": 0.9732142857142857,
      "train_avg_acc": 0.9732142857142857,
      "val_loss": 1.6283121736426103,
      "val_pp_acc": 0.4473684210526316,
      "val_pe_acc": 0.4473684210526316,
      "val_avg_acc": 0.4473684210526316,
      "pp_f1_macro": 0.20606060606060606,
      "pe_f1_macro": 0.20606060606060606,
      "time_sec": 0.85640549659729
    },
    {
      "epoch": 5,
      "lr": 0.0009938503261272714,
      "train_loss": 0.24625784903764725,
      "train_pp_acc": 0.9821428571428571,
      "train_pe_acc": 0.9821428571428571,
      "train_avg_acc": 0.9821428571428571,
      "val_loss": 1.2142532310987775,
      "val_pp_acc": 0.7368421052631579,
      "val_pe_acc": 0.7894736842105263,
      "val_avg_acc": 0.7631578947368421,
      "pp_f1_macro": 0.5753968253968255,
      "pe_f1_macro": 0.7142857142857143,
      "time_sec": 0.8598153591156006
    },
    {
      "epoch": 6,
      "lr": 0.00099115248173898,
      "train_loss": 0.14347715037209646,
      "train_pp_acc": 0.9732142857142857,
      "train_pe_acc": 0.9732142857142857,
      "train_avg_acc": 0.9732142857142857,
      "val_loss": 0.2189740350371913,
      "val_pp_acc": 0.9737,
      "val_pe_acc": 1.0,
      "val_avg_acc": 0.9868,
      "pp_f1_macro": 0.9732,
      "pe_f1_macro": 1.0,
      "time_sec": 0.8656013011932373
    },
    {
      "epoch": 7,
      "lr": 0.0009879704225884043,
      "train_loss": 0.09299900675458568,
      "train_pp_acc": 0.9821428571428571,
      "train_pe_acc": 0.9732142857142857,
      "train_avg_acc": 0.9776785714285714,
      "val_loss": 0.041147564978976,
      "val_pp_acc": 1.0,
      "val_pe_acc": 1.0,
      "val_avg_acc": 1.0,
      "pp_f1_macro": 1.0,
      "pe_f1_macro": 1.0,
      "time_sec": 0.8578994274139404
    },
    {
      "epoch": 8,
      "lr": 0.0009843072889837512,
      "train_loss": 0.06913260450320584,
      "train_pp_acc": 0.9910714285714286,
      "train_pe_acc": 0.9910714285714286,
      "train_avg_acc": 0.9910714285714286,
      "val_loss": 0.019294590150055132,
      "val_pp_acc": 1.0,
      "val_pe_acc": 1.0,
      "val_avg_acc": 1.0,
      "pp_f1_macro": 1.0,
      "pe_f1_macro": 1.0,
      "time_sec": 1.0224647521972656
    },
    {
      "epoch": 9,
      "lr": 0.000980166695995633,
      "train_loss": 0.022043163289449046,
      "train_pp_acc": 1.0,
      "train_pe_acc": 1.0,
      "train_avg_acc": 1.0,
      "val_loss": 0.01296876585356107,
      "val_pp_acc": 1.0,
      "val_pe_acc": 1.0,
      "val_avg_acc": 1.0,
      "pp_f1_macro": 1.0,
      "pe_f1_macro": 1.0,
      "time_sec": 0.925832986831665
    },
    {
      "epoch": 10,
      "lr": 0.0009755527298894294,
      "train_loss": 0.05875429956774626,
      "train_pp_acc": 0.9910714285714286,
      "train_pe_acc": 0.9910714285714286,
      "train_avg_acc": 0.9910714285714286,
      "val_loss": 0.011056716700917795,
      "val_pp_acc": 1.0,
      "val_pe_acc": 1.0,
      "val_avg_acc": 1.0,
      "pp_f1_macro": 1.0,
      "pe_f1_macro": 1.0,
      "time_sec": 0.9216172695159912
    },
    {
      "epoch": 11,
      "lr": 0.0009704699440926358,
      "train_loss": 0.043943325855902264,
      "train_pp_acc": 1.0,
      "train_pe_acc": 1.0,
      "train_avg_acc": 1.0,
      "val_loss": 0.019377633488099826,
      "val_pp_acc": 1.0,
      "val_pe_acc": 1.0,
      "val_avg_acc": 1.0,
      "pp_f1_macro": 1.0,
      "pe_f1_macro": 1.0,
      "time_sec": 0.9265618324279785
    },
    {
      "epoch": 12,
      "lr": 0.0009649233547011817,
      "train_loss": 0.029126443234937533,
      "train_pp_acc": 0.9910714285714286,
      "train_pe_acc": 0.9910714285714286,
      "train_avg_acc": 0.9910714285714286,
      "val_loss": 0.01811251916775578,
      "val_pp_acc": 1.0,
      "val_pe_acc": 1.0,
      "val_avg_acc": 1.0,
      "pp_f1_macro": 1.0,
      "pe_f1_macro": 1.0,
      "time_sec": 0.9063212871551514
    },
    {
      "epoch": 13,
      "lr": 0.0009589184355291487,
      "train_loss": 0.018884168405617987,
      "train_pp_acc": 1.0,
      "train_pe_acc": 1.0,
      "train_avg_acc": 1.0,
      "val_loss": 0.00544962671732432,
      "val_pp_acc": 1.0,
      "val_pe_acc": 1.0,
      "val_avg_acc": 1.0,
      "pp_f1_macro": 1.0,
      "pe_f1_macro": 1.0,
      "time_sec": 0.934053897857666
    },
    {
      "epoch": 14,
      "lr": 0.000952461112706777,
      "train_loss": 0.007500886185360807,
      "train_pp_acc": 1.0,
      "train_pe_acc": 1.0,
      "train_avg_acc": 1.0,
      "val_loss": 0.0022736601531505585,
      "val_pp_acc": 1.0,
      "val_pe_acc": 1.0,
      "val_avg_acc": 1.0,
      "pp_f1_macro": 1.0,
      "pe_f1_macro": 1.0,
      "time_sec": 0.9162797927856445
    },
    {
      "epoch": 15,
      "lr": 0.00094555775883209,
      "train_loss": 0.003913194539823702,
      "train_pp_acc": 1.0,
      "train_pe_acc": 1.0,
      "train_avg_acc": 1.0,
      "val_loss": 0.0015811388821978319,
      "val_pp_acc": 1.0,
      "val_pe_acc": 1.0,
      "val_avg_acc": 1.0,
      "pp_f1_macro": 1.0,
      "pe_f1_macro": 1.0,
      "time_sec": 1.0284035205841064
    },
    {
      "epoch": 16,
      "lr": 0.0009382151866819101,
      "train_loss": 0.0065876633660601714,
      "train_pp_acc": 1.0,
      "train_pe_acc": 1.0,
      "train_avg_acc": 1.0,
      "val_loss": 0.0011657008129221044,
      "val_pp_acc": 1.0,
      "val_pe_acc": 1.0,
      "val_avg_acc": 1.0,
      "pp_f1_macro": 1.0,
      "pe_f1_macro": 1.0,
      "time_sec": 0.905482292175293
    },
    {
      "epoch": 17,
      "lr": 0.0009304406424884702,
      "train_loss": 0.00393789358037923,
      "train_pp_acc": 1.0,
      "train_pe_acc": 1.0,
      "train_avg_acc": 1.0,
      "val_loss": 0.0009395403873273416,
      "val_pp_acc": 1.0,
      "val_pe_acc": 1.0,
      "val_avg_acc": 1.0,